Time Obstacle Spawned,Obstacle Location X,Obstacle Location Y
30.26,7.690794,-0.9497588
50.9,-0.6958393,-3.280147
70.88,-1.201209,-1.275108
96.24,0.8474873,-1.172917
125.72,8,-3.835114
